<beans xmlns="http://www.springframework.org/schema/beans"
   
    xmlns:context="http://www.springframework.org/schema/context"
    xmlns:mvc="http://www.springframework.org/schema/mvc" 
    xmlns:xsi="http://www.w3.org/2001/XMLSchema-instance"
    xmlns:webflow="http://www.springframework.org/schema/webflow-config"
	
	xsi:schemaLocation="http://www.springframework.org/schema/beans
	http://www.springframework.org/schema/beans/spring-beans.xsd
	http://www.springframework.org/schema/context
	http://www.springframework.org/schema/context/spring-context.xsd
	http://www.springframework.org/schema/mvc
	http://www.springframework.org/schema/mvc/spring-mvc.xsd	
	http://www.springframework.org/schema/webflow-config
   http://www.springframework.org/schema/webflow-config/spring-webflow-config.xsd">
   
    
    <context:component-scan base-package="com.niit" />   
      <mvc:annotation-driven> 
     <mvc:argument-resolvers>
     <bean class="org.springframework.security.web.bind.support.AuthenticationPrincipalArgumentResolver"/>
     </mvc:argument-resolvers>
     </mvc:annotation-driven> 
   
    
    <mvc:resources location="/resources/" mapping="/resources/**"></mvc:resources>
    <bean id="viewResolver" class="org.springframework.web.servlet.view.InternalResourceViewResolver">
        <property name="prefix" value="/WEB-INF/views/" />
        <property name="suffix" value=".jsp" />
    </bean>
    
    <bean id="multipartResolver"
        class="org.springframework.web.multipart.commons.CommonsMultipartResolver">

    <!-- one of the properties available; the maximum file size in bytes -->
    <property name="maxUploadSize" value="1000000000000"/>
</bean>



         
        <!--  Webflow Configuration -->  
        <webflow:flow-executor id="flowExecutor"/>        
        
        <bean id="flowMappings" class="org.springframework.webflow.mvc.servlet.FlowHandlerMapping">
            <property name="order" value="0"/>
            <property name="flowRegistry" ref="flowRegistry"/>
        </bean>
        
        <bean class="org.springframework.webflow.mvc.servlet.FlowHandlerAdapter">
            <property name="flowExecutor" ref="flowExecutor"/>
        </bean>
       
        <webflow:flow-registry id="flowRegistry" flow-builder-services="flowbuilderServices">
			<webflow:flow-location path="/WEB-INF/views/flow.xml"></webflow:flow-location>
		</webflow:flow-registry>
		
		<webflow:flow-builder-services id="flowbuilderServices" view-factory-creator="mvcViewFactoryCreator" />
		
		<bean id="mvcViewFactoryCreator" class="org.springframework.webflow.mvc.builder.MvcViewFactoryCreator" >
			<property name="viewResolvers" ref="viewResolver" />
       </bean>                     

 </beans> 